{
  "skills_mtime": 1772822293.5464115,
  "tools_mtime": 1772820436.2110796
}